{
  "features": [
    "device_type",
    "os_ios",
    "os_android",
    "country_tier1",
    "country_tier2",
    "hour",
    "is_business_hours",
    "is_evening",
    "site_tech",
    "site_news",
    "ad_size_300x250",
    "user_recency",
    "frequency",
    "bid_floor"
  ],
  "scaler_mean": [
    1.45160625,
    0.4503125,
    0.40036875,
    0.39871875,
    0.35205625,
    11.51771875,
    0.41530625,
    0.16825,
    0.1990625,
    0.251175,
    0.5015125,
    6.931866017386732,
    1.9962,
    1.506282264455245
  ],
  "scaler_std": [
    0.6690071337143321,
    0.49752502685229466,
    0.48997307479440616,
    0.48963466829690033,
    0.4776113973055017,
    6.933521727512826,
    0.4927747646853693,
    0.3740881413520113,
    0.3992951553600421,
    0.4336889661673275,
    0.4999977123382678,
    6.5962977209775,
    1.411868641198804,
    1.494880913035335
  ],
  "intercept": -0.07179424007900027,
  "coefficients": [
    -0.19234986877495114,
    0.18671923195602882,
    0.08666220089588378,
    0.2804615851152917,
    0.09766009828235027,
    0.0002337855141081067,
    0.1315090287724714,
    0.08328096460099432,
    0.11459682276000765,
    0.037019697767904834,
    0.13578054840568035,
    -0.12628195699010633,
    -0.01849471468189081,
    0.06870590980976107
  ],
  "auc": 0.6105376108043734,
  "base_cvr": 0.08631
}